{"name":"Scene 1","fbWidth":320,"fbHeight":240,"fbFormat":0,"clearColor":[0.2651009261608124,0.159989595413208,0.6612902879714966,1.0],"doClearColor":true,"doClearDepth":true}