{
"conf": {"name":"Scene A","fbWidth":320,"fbHeight":240,"fbFormat":0,"clearColor":[0.9798387289047241,0.28051838278770447,0.28051838278770447,1.0],"doClearColor":true,"doClearDepth":true},
"graph": {}
}
