{
"conf": {"name":"Scene B",
"fbWidth":640,
"fbHeight":480,
"fbFormat":0,"clearColor":[0.29754164814949036,0.601962149143219,0.9838709831237793,1.0],
"doClearColor":true,
"doClearDepth":true},
"graph": {"id":0,
"name":"Scene",
"uuid":4252910706,
"selectable":true,
"enabled":true,
"isGroup":true,"pos":[0.0,0.0,0.0],"rot":[0.0,0.0,0.0,1.0],"scale":[1.0,1.0,1.0],"components":[],"children":[{"id":1,
"name":"New Object (1)",
"uuid":1831584192,
"selectable":true,
"enabled":true,
"isGroup":false,"pos":[0.0,0.8015297651290894,1.140075445175171],"rot":[0.0,0.0,0.0,1.0],"scale":[0.015625,0.015625,0.015625],"components":[{"id":3,
"uuid":1925313981118479243,
"name":"Camera","data":{"vpOffset":[0,0],"vpSize":[640,480],
"fov":1.3089969158172607,
"near":0.10000000149011612,
"far":100.0}
}],"children":[]},
{"id":2,
"name":"New Object (2)",
"uuid":3264745073,
"selectable":true,
"enabled":true,
"isGroup":false,"pos":[0.0,0.0,0.0],"rot":[0.0,0.0,0.0,1.0],"scale":[0.015625,0.015625,0.015625],"components":[{"id":1,
"uuid":17537811237039872454,
"name":"Model","data":{"model":8408891455870217598}
}],"children":[]}]}
}
